source1_entity_id	matched_entity_ids
S1-100146655	S2-311723766,S2-576234233
S1-100302483	
S1-100405609	S3-332810222,S3-364918881,S3-555560987,S3-613703088,S3-851956242
S1-101076392	S2-293182344,S2-492780513,S2-638267433,S2-778615858,S3-897406794
S1-102971431	S2-321723977,S2-571364052,S2-780831929,S3-694900421
S1-103952189	S2-291760246,S2-657792958,S3-38125808,S3-991324349
S1-104226194	S2-162965740,S2-482020390,S2-894147929,S3-233880968,S3-58922100,S3-821333263,S3-873691905,S3-95768
S1-104955523	S2-324764832,S3-339518176,S3-693183846
S1-106221717	S3-153987195,S3-381789336,S3-440377204,S3-504945706
S1-106691524	S2-191744310,S3-969906564
S1-108314429	S2-313126275,S2-43375286,S2-933544534,S3-511877505,S3-689715676,S3-769192503
S1-109460220	S3-700706043
S1-110295930	S2-915385449,S3-170663568,S3-289010079,S3-836304825
S1-110602510	S2-486730997,S2-557992817,S3-967353699
S1-111065528	S2-28390752,S2-464212494,S2-808062793,S2-917662827,S3-232846963,S3-340441081,S3-631970416
S1-111673633	S3-445683675,S3-72536400
S1-111867989	S2-147128452,S2-381811449,S3-432504435,S3-665711381
S1-112860356	S2-206465802,S3-540550907
S1-113241674	S2-419561504
S1-114279394	S2-616220259,S3-51643340
S1-116081375	S2-320556822,S2-588434156,S2-600462597,S2-639843159,S2-857919718,S3-748882997,S3-858500389
S1-116247627	S2-430362798,S2-474566266,S3-183591040,S3-212907655,S3-399225632,S3-88917139
S1-116737194	S2-158716458,S2-242454246,S2-662170735,S3-215417480
S1-117902162	S2-689046707,S3-43390571,S3-604901947
S1-119171444	S2-45063978,S2-893346937,S2-949300018,S3-23431276,S3-381236137
S1-119279828	S2-433770961,S2-487023898,S2-760754203,S3-162726457,S3-813029909
S1-119783341	S2-225659591,S3-364996760
S1-120433302	S2-335184296,S2-44772905,S2-641684012,S2-717573159,S3-360838758,S3-768535966,S3-784116632
S1-121839562	S2-23421026,S2-502898971,S2-706264530,S2-813584879,S2-842623290,S3-42114892,S3-823205502
S1-122492157	S2-627886894,S3-128805477
S1-122618676	S2-943937483,S3-638630155,S3-759688877
S1-124208550	S2-412909971
S1-124712855	S2-889040389,S3-147531883,S3-398500200
S1-12487330	S2-565999772,S2-643060987,S3-800431130
S1-125331877	S2-20329354,S2-309315351,S2-357054405,S3-193883951,S3-898976397
S1-126393436	S2-79357125,S2-983300543,S3-11871325
S1-126927804	S2-434788498,S3-136895392,S3-360907122,S3-773054197,S3-891519289,S3-955130682
S1-127222577	S2-836906814,S3-137050745
S1-128347375	S2-243566223,S3-3248296,S3-507291376,S3-60652506,S3-848225821
S1-129027978	S2-284101721,S2-418726575,S3-45663065
S1-130034572	S3-410656726,S3-779413536
S1-131038804	S2-655191371,S3-193182438,S3-508705806,S3-766103665
S1-133037285	S2-103437512,S2-407207105,S3-183080822,S3-33144658,S3-476003339,S3-940895145
S1-133868991	S2-209534171,S2-291402594,S2-484840897,S3-305893490,S3-535247730,S3-994863284
S1-134898809	S2-733711701,S3-307933717,S3-882276216,S3-994371548
S1-136894582	S2-22011915,S2-868217429,S3-662764840,S3-975464331
S1-13859063	S2-164872813,S2-377409714,S2-754363102,S3-395381578,S3-466110031,S3-569567594
S1-139532667	S2-463164496,S2-615912556,S3-83993905,S3-905481899
S1-140525226	S2-122823927,S2-173583152,S3-173142466,S3-968874840
S1-140574806	S2-268997524,S2-376697490,S2-735906431,S2-822373247,S3-232239286
S1-142288436	S2-558274907,S3-165600845,S3-448327334,S3-566311273,S3-932431180
S1-143265439	S2-34405486,S2-44180583,S2-648730112,S3-104196677,S3-110170455,S3-814796292
S1-143410687	S2-585945975,S3-229096809,S3-471022502
S1-143671838	S2-699308453,S3-179762687,S3-255543002,S3-876790795
S1-144718195	S2-273920934
S1-144979450	S2-161974363,S2-586908296,S2-887559960,S3-75900011
S1-145606139	S2-999471757,S3-212135744,S3-230789820
S1-145829425	S2-215160242,S2-561844758,S2-597547471,S3-171820397,S3-898064155
S1-147057413	S2-833983859,S3-405962765
S1-147465602	S2-942578603,S3-227088249
S1-148845479	S2-479448163,S2-480666912,S2-692734123,S3-280699192,S3-685608585
S1-149887453	S2-130112230,S2-454925373,S2-657386518,S3-370495128,S3-552404073,S3-676856855,S3-867210978
S1-15005997	S2-502501897,S2-730790380,S3-153463654,S3-171582123,S3-232851522,S3-747454686
S1-150821320	S2-1352532,S2-278934966,S3-731627975,S3-777507499
S1-150829563	S2-469997907,S3-824134500,S3-871179559,S3-898502053
S1-151302070	S3-838654132
S1-151608539	S2-128512750,S3-509257100,S3-91140513
S1-152217425	
S1-152967828	S2-907012850,S3-281425091,S3-449400755
S1-153055996	S2-612435488,S3-181553295,S3-686485173,S3-877194530
S1-155027115	S2-65752861,S2-780856981
S1-156883486	S2-401226343,S2-545445857,S3-692798021,S3-71161271,S3-791193224
S1-158306158	S2-44336026
S1-159067707	S2-350100406,S2-528635367,S2-800147797,S3-342293148
S1-160617128	S2-807973688,S2-917189378,S3-229470791,S3-882407691
S1-161901150	
S1-162806244	S2-497044313,S3-187753130,S3-229585817,S3-383313443,S3-737408373
S1-163766842	S2-573098593,S3-437156798,S3-640384301,S3-921257239
S1-164072881	S2-856375008,S3-779046844
S1-164240371	S2-60257526,S2-652495630,S3-158225838,S3-460868914,S3-565742141
S1-164830224	S2-858795480,S2-968176355,S3-386608562,S3-982464335
S1-165891282	S3-598155472
S1-16609748	S2-358858367,S2-54823044,S2-802982832,S2-884975007,S2-960730403,S3-400882561
S1-16642923	S2-336781345,S2-386551598,S2-393075989,S3-204724726,S3-498730021
S1-166601186	S2-419629303,S2-488014779,S2-747520536,S3-743861068
S1-16807998	S2-210875849,S2-871681758
S1-169008536	S2-121375598,S2-458855873,S2-875082763,S3-451617552
S1-169036830	S2-964771680
S1-170960991	S2-254893866,S2-674061727,S3-121661753,S3-508229742,S3-607336054
S1-170998977	S2-175180864,S2-314735696,S2-494381545,S3-463875505,S3-570586760,S3-789413568
S1-171653159	S2-531915848,S3-266115940,S3-567837252
S1-17339733	S2-412895863,S3-215898478,S3-499842675,S3-839985934
S1-173906255	S2-457325091,S3-160718806,S3-566253607
S1-173971969	S2-292981300,S3-165312490,S3-210351517
S1-174390454	S2-258675599,S3-161067370,S3-511558180,S3-756105587
S1-174758675	S3-266973130,S3-966491223
S1-17506850	S2-254243056,S2-398583958,S3-917774125
S1-175633133	S2-40070794,S2-671727056,S3-428139757,S3-52694257,S3-82838739
S1-176550551	S2-281514146,S3-183577431,S3-74577378
S1-17666546	S2-341313901,S3-144249320,S3-358598397
S1-177375169	S2-784656974,S2-847503139,S3-606959953
S1-177943533	S2-177693797,S3-135826486,S3-191166289,S3-234174833
S1-180523534	
S1-181609420	S2-794640869,S3-111983126
S1-183363639	S2-662575647,S3-607673931
S1-183540234	S2-614215155,S3-163529317,S3-365972187,S3-416141662
S1-185338284	S2-235336303,S3-436913197
S1-186761262	S2-892595869,S3-334435903
S1-187058094	S2-715262762,S2-949299675,S3-122642150,S3-130298065,S3-785208413
S1-187558029	S2-273759983,S3-243353843,S3-816315044,S3-933157196,S3-995052021
S1-189831319	S2-833352658,S3-652615681
S1-192327811	S2-154698750,S2-622284434,S3-282250085
S1-192345497	S2-166212958,S2-889427625
S1-193918319	S2-893073263,S2-931322825,S3-265056683,S3-964222839
S1-19400879	S2-368764620,S3-528174812,S3-576699416,S3-608813266
S1-19593330	S2-200759904,S2-813554231,S3-786023108,S3-823204576
S1-196054265	S2-959077462,S3-35720000,S3-782255684
S1-196578854	S2-238545044,S2-695111434,S2-955548630,S3-562482076
S1-197922151	S2-277572592,S2-729238396,S3-749445295
S1-198026451	S2-190691939,S2-817939067,S2-882023369,S3-221793950,S3-439449015,S3-474324703
S1-19868030	S2-317511124,S2-60528586,S2-73495217,S3-842118790
S1-198728897	S2-132436,S2-38969819,S3-603877563,S3-984596862
S1-202490639	S2-135725491,S2-202189027,S3-642976101
S1-20267366	
S1-202909837	S2-193023352,S2-714500343,S2-726265291,S3-350783844
S1-204397870	S2-109636546,S2-256993351,S3-631762716,S3-782613530
S1-206894799	S2-60380131,S2-984757330,S3-121706422,S3-222453609,S3-611476936,S3-943385400
S1-208167915	S2-640357806,S2-783197338,S2-818039280,S2-878222287,S3-708317774
S1-208550511	S3-358047555,S3-569323110
S1-208973592	S2-165827711,S2-481660181,S3-135578226,S3-645496810,S3-832332012,S3-931413846
S1-2106291	S2-530719559,S3-195645900,S3-289036768
S1-21084577	S2-19452549,S2-205227313,S3-364924227,S3-50929802
S1-211026051	S2-15046666,S2-160973668,S3-875252214
S1-21590818	S2-305718803,S2-434665723,S3-304210618,S3-375053220,S3-839903612
S1-216181354	S2-225919108,S2-302685491,S3-317748253,S3-509236611,S3-685337179
S1-216511119	S2-645205818,S3-188861564,S3-245059775,S3-47618118,S3-700997777
S1-217259238	S2-106099802,S2-172550558,S3-259333845,S3-474463057,S3-489783956
S1-219548536	S2-136041592,S2-9271989,S3-206417184,S3-791592839,S3-808807781
S1-220020462	S2-342952603,S2-633582175,S2-715336209,S2-763603816,S3-623969286,S3-818386497
S1-221443075	S2-44772905,S2-804818360,S2-861061618,S3-815125209
S1-22305073	S2-578011604,S3-183589405,S3-221070872,S3-317068674
S1-223600564	
S1-223621109	S2-262241482,S3-15370997,S3-548341368
S1-224534945	S2-518930624,S3-141204833,S3-957821128
S1-225119054	S3-727018158,S3-742702989
S1-229555888	S2-554839207,S3-364843945,S3-80734873
S1-231101064	S2-817560564,S3-685430854
S1-231271132	S2-98117592,S3-154966568,S3-18273658,S3-431034988
S1-231416129	S2-790585352,S2-857153711,S3-830099898
S1-232082545	
S1-232999426	S2-469391978,S2-532588837,S3-307259379,S3-819575840
S1-233584777	S2-379294889,S3-794478258,S3-843155622
S1-234200441	S2-536278624,S2-712609628,S3-335972083
S1-234407650	S2-487860937,S3-205070315
S1-236312382	S2-69010626,S2-734049056,S3-591515133
S1-236963798	S2-111203101,S2-183439832,S2-704569052,S2-717890908
S1-238012566	S2-231992389,S3-473914768,S3-532526706,S3-538256219
S1-240050566	S2-564377611,S2-926297831,S3-110644764,S3-168601769,S3-509765407,S3-886077092
S1-241670741	S2-174130943,S2-540938359,S2-575837868
S1-241686597	S2-521249860,S2-552262560,S2-557917303,S3-276559406,S3-623309888,S3-84276127
S1-241742700	S2-106106217,S2-67386347,S3-802265198
S1-241872490	S2-984292752,S3-64705364
S1-243140298	S2-37880437,S2-525796318,S2-557983656,S3-17444719,S3-291119163,S3-486301277
S1-245014023	S2-210228279,S2-741088817,S3-17444719,S3-779369879
S1-24519478	S2-332967891
S1-246225268	S2-719794829,S3-272395505
S1-246462346	
S1-252242682	S2-167308687,S2-456524607,S2-568363011,S2-84842746,S3-527367881
S1-252433119	S2-398533842,S3-531855168,S3-673614942,S3-713360144
S1-253986331	S2-132882662,S2-989397932,S3-201224889,S3-468708356,S3-607432877
S1-25587016	S2-883608093,S3-367315127
S1-256480068	S2-370211822,S3-724519284,S3-811684958
S1-256602729	S2-512890814,S3-310652005,S3-475000452,S3-857539526
S1-258353664	S2-454076205,S2-546821025,S3-213915027
S1-259452306	S2-547115644,S3-118331403,S3-787015231
S1-260530670	S2-958874359,S3-295373653
S1-263481527	S2-809807183,S3-392646529,S3-422873523,S3-969277017,S3-992197225
S1-263724589	S2-944820444,S3-956812064
S1-266640251	S2-370167958,S3-539437946,S3-723011845,S3-821870240
S1-268149339	S2-78602394,S3-221340716,S3-508470288
S1-269039848	S2-141962181,S2-523777271,S3-241756735,S3-30260686
S1-269656551	S3-637610456
S1-27029362	S2-523775206,S3-688569314,S3-689563486,S3-883141528
S1-270844042	S2-259695698,S3-669333916,S3-843758973,S3-864828455,S3-908786246
S1-27158214	S2-614863359,S2-909414276,S3-997723209
S1-272091966	S2-286933403,S3-135637278,S3-237885546,S3-633771519
S1-274090278	S2-565038429,S3-902366714
S1-275228042	S2-865717591,S3-209682564
S1-27541239	S2-199341916,S2-85756610,S3-739757636,S3-893131105
S1-276322405	S3-318701010,S3-772251564
S1-277014552	S2-795145924,S2-825886653,S2-826561447,S3-448296506,S3-691308793
S1-277072715	S2-276736886,S3-61206591
S1-277159753	S3-413477407
S1-277375862	S2-449782764,S2-526671362,S3-61762986,S3-69168312,S3-898988264
S1-277391322	S2-232141615,S2-836295706,S3-239190892,S3-76787958
S1-279014952	S2-800340691,S3-383194124
S1-279661956	S2-316914568,S2-541717344,S2-632427042,S3-254639992,S3-6301534
S1-279914306	S2-747970909
S1-279971988	S2-342725272,S2-421146166,S2-811115547,S3-586386687
S1-280818643	S3-783212931
S1-281051556	S2-539994792,S2-717396610,S2-885229183,S2-92381673,S3-41844222
S1-281356776	S2-178183232,S2-437044709,S3-328402545,S3-466110031,S3-79293527
S1-281725882	S2-977962604,S3-293567226,S3-356391479,S3-455400858,S3-5194913
S1-284209086	S2-183451887,S2-334174902,S3-23879087,S3-323666433,S3-925326462
S1-284710338	S2-183695488,S2-950692401,S3-215858960,S3-865225995
S1-285739773	S2-480760116,S2-776097348,S3-514261446,S3-805995189,S3-881169865
S1-287666599	S2-107690465,S2-207356341,S2-594570026,S3-517645522,S3-737314411
S1-291991311	S2-140660758,S2-439359291,S2-523837175,S3-154850409,S3-226390850,S3-724901632,S3-976471262
S1-292830915	S3-284264975,S3-899199876
S1-29354465	S2-146627312,S3-359160494
S1-294547159	S2-285581762,S2-601836374,S3-241582223,S3-802478494,S3-974010547
S1-295377582	S3-20856236,S3-334465867,S3-352516312,S3-413424557
S1-296323848	S2-47973133,S3-709940032
S1-29696416	S2-28172950,S2-831935136,S3-931271880
S1-297525707	S2-515961553,S3-623258076
S1-298951977	S2-352426870,S2-624751595,S3-621950945,S3-68186213
S1-299278979	S2-746291811,S3-171378770,S3-415729250,S3-725205683
S1-300031623	S2-52719775,S2-676401304,S3-394350891
S1-300609714	S3-320627457,S3-577589794
S1-302710833	S2-23803098,S2-546588882,S2-888817530,S3-203698864,S3-77639341
S1-304297041	S2-375598132,S2-670447394,S2-815785043,S3-11522767,S3-221793950,S3-514826910,S3-591984516,S3-851624444
S1-304785953	S2-818938450,S3-633775998,S3-924252420,S3-982408491
S1-305403960	S2-771841018,S2-942407057,S3-885146871
S1-305440895	S2-594436200,S2-793023011,S3-210855008,S3-292471555,S3-547827089
S1-306095185	S2-989597724,S3-261575641,S3-405262257
S1-307045007	S2-464718720,S2-575079520,S2-921986931,S3-364455928,S3-588000966
S1-307702274	S2-331471493,S2-811665838,S2-902914902,S3-573134503,S3-802429341,S3-978834272
S1-309101313	S2-165031798,S2-460111891,S2-563343191,S2-749718941,S3-628199105,S3-849985196,S3-973043117
S1-309349399	
S1-31205819	S2-673077177,S2-70151377,S3-704524429
S1-312194988	S2-277970018,S2-85132981,S2-866623572,S2-871279285,S3-105695165,S3-560455091,S3-98278704
S1-312481466	S2-546281313,S3-102765503
S1-314045617	S3-359536205,S3-491605587
S1-314962839	S2-544825069,S3-10314010,S3-63045797
S1-315450523	S2-945125430
S1-317610576	S2-26985254,S2-504644294,S2-74744199,S3-775913605
S1-317952287	S2-106588037,S3-268155285
S1-318218643	S2-5757527,S2-579350712,S3-220224280,S3-492516478
S1-319952925	S2-307146468,S2-488037701,S3-195912121,S3-238988930,S3-587104475,S3-823063075
S1-323747485	S2-397480366,S2-750935570,S3-13820604,S3-479731933,S3-610369855,S3-813632557
S1-324674388	S2-902329766,S3-131280921,S3-556031955,S3-577061638
S1-326704888	S2-372345516,S2-566328332,S2-593839923,S3-325712392,S3-746350501
S1-328164935	S2-218946869,S2-289125980,S3-15077703,S3-669522398,S3-95003575
S1-328371553	S2-331291582,S2-416709807,S2-498981187,S2-737909912,S2-972054383,S3-161420635,S3-484859365,S3-891485904
S1-330281696	S2-675464330,S2-715976968,S3-368107528,S3-550084090,S3-790582857,S3-939469736
S1-330916229	S2-38083659,S2-397381411,S2-582091117,S2-773992101,S3-739824857
S1-332388880	S2-317439682,S2-792133931,S3-431585138,S3-525459700,S3-743841292
S1-332410345	S2-615350296,S2-85568547,S3-147549265
S1-334052695	S2-240647892
S1-335752330	S2-897778962,S3-172410444,S3-338145688,S3-431987719,S3-511997576
S1-336167025	S2-289660373,S2-513842592,S3-193695161,S3-620328785
S1-336308856	S2-179240415,S2-50405738,S3-316518837,S3-467978363,S3-701158657
S1-336476210	S2-162274685,S2-162763662,S2-693238923,S2-75259798,S2-896654790,S3-678405104,S3-723020155
S1-338441694	
S1-338840619	S2-122455982,S2-624410308,S2-711927056,S2-844460747,S3-596935989
S1-339696594	S2-534389338,S2-716037901,S3-846617862
S1-340996011	S2-44772905,S2-622284434,S3-360838758,S3-768535966,S3-787922028
S1-341291980	S2-682809718,S3-161921244,S3-31939173,S3-67366402,S3-994938625
S1-341378122	S3-149397256,S3-392501269
S1-341506266	S2-762225006,S3-444516861,S3-515150480
S1-342754370	S2-440423232,S2-547395060,S3-463262879,S3-537026223,S3-795903271
S1-345107626	S2-356347077,S2-553873238,S3-148615099,S3-502648114
S1-346603579	S2-514395311
S1-346929118	S2-105197053,S3-879699840,S3-898207941
S1-347171620	S2-297622236,S2-570516060,S2-761443147,S3-529535404,S3-939269459
S1-349873839	
S1-350245409	S2-514557420,S2-66366568,S2-987341678,S3-409176516,S3-905502276
S1-351025388	S2-17526685,S3-416765568
S1-352005417	S2-178461302,S2-247639339,S2-623383289,S3-314465394,S3-926931403
S1-352234501	S2-164060088,S2-229544676,S2-379384733,S2-652730734,S3-218212591
S1-353948236	S2-729275616,S3-843946011
S1-354705482	S2-826116224,S3-686576547
S1-355110377	S2-710157624,S2-741696974,S3-583692928
S1-356020591	S3-322334586,S3-915599795
S1-356319224	S2-577061900,S2-714702079,S3-790284367,S3-884878054
S1-357200984	S2-22011915,S2-434005707,S2-637715802,S2-902715126,S3-774802631
S1-358447941	S2-160670906,S3-166011370,S3-217934702,S3-29299865,S3-357021660
S1-359497386	S2-419048452,S3-86123806
S1-360188878	S2-162663361,S2-336964689,S3-474772790,S3-629686619,S3-875542917
S1-360871186	S2-279477849,S2-349535931,S2-649441536,S2-796575158,S3-710180678
S1-362520	S2-641935299,S3-216455007,S3-416024708,S3-75956123
S1-362880192	S2-307086892,S2-539395967,S3-70868265
S1-363414052	S2-559623141,S2-669343208,S2-857674782,S3-821671998
S1-364278564	S2-511096878,S3-683837036
S1-366329737	S2-23560385,S3-21765103,S3-845296458
S1-367965660	S2-28023221,S2-478218307,S2-5725583,S2-629863367,S3-110382766,S3-741667237
S1-368348061	S2-485175177,S2-621867288,S2-792202616,S3-387125361,S3-656890408,S3-832808344
S1-368357600	S2-101707408,S2-493361025,S2-983267650,S3-234185534,S3-750136903,S3-9101520
S1-368557784	S2-18120696,S2-215068004,S3-44040301,S3-5156599,S3-962272913,S3-984632207
S1-368846142	S3-688320545
S1-369632481	S2-316445223,S2-539076128,S2-703513488,S3-682986656,S3-967940285
S1-369711048	S2-114110522,S2-381042915,S2-656995921,S2-694146109,S3-233375643
S1-370715897	S2-146449836,S3-200302884
S1-37213524	S2-663403314,S3-421100978
S1-372897884	S2-85078492,S3-624471267
S1-372903225	S2-126687988,S2-247750190,S3-210640327,S3-320991724,S3-845582833
S1-3732976	S2-231615626,S3-277876534
S1-37338275	S2-539764215,S3-219216396,S3-788152581
S1-373457471	S2-105852959,S2-332967891,S2-418776047,S3-587070664
S1-374959431	
S1-375348297	S2-855128795,S2-878335396,S2-886583288,S3-694660532
S1-37630161	S2-337401548,S2-784357994,S3-899430221,S3-950285306
S1-376690332	S2-579544296,S2-787570292,S3-34402965
S1-376882708	S2-178034188,S3-11713565,S3-560399081
S1-377745466	S2-203037501,S3-402918963,S3-70942743,S3-836170816
S1-378164861	S2-52711585,S2-825460140,S3-256462990,S3-593129031,S3-796747973
S1-378652653	S2-213067343,S3-200235828,S3-34002474,S3-96582083
S1-378978603	S2-319300693,S3-921016187,S3-948532405
S1-379918793	S2-82178581
S1-380060263	S2-232750386,S2-387663610,S2-437530908,S3-141355626,S3-20453539,S3-659600787
S1-381957415	S2-380947443,S2-422911858,S3-538767270,S3-888417008
S1-382138150	S2-623262711,S2-955000392,S3-234032876,S3-490810989,S3-750434748
S1-382435344	S2-850859063,S3-356046991,S3-455018200,S3-590488708
S1-38402575	S2-704567209,S2-983083764,S3-762868790,S3-886031599
S1-386654734	
S1-387008828	S2-332967891,S2-434709895,S3-150134266,S3-885808742
S1-387418200	S2-836870603,S2-85757128,S3-281322816,S3-373656844,S3-386573427,S3-76032683
S1-387694500	S2-674345300,S2-828925482,S2-89272121,S2-960848454,S3-469722658,S3-77197957,S3-789542813,S3-904486811,S3-9126403,S3-91755708
S1-388312190	S2-370983985
S1-388951829	S2-588414431,S3-157711795
S1-391141182	S2-213904594,S2-427561137,S2-727743589,S2-765501672,S3-793165055
S1-391248994	
S1-391697975	S3-90705287
S1-392245358	S2-140660758,S2-439359291,S2-744992827,S3-353957280,S3-976471262,S3-980954640
S1-393157555	S2-393062716,S2-414823814,S2-47519910,S3-113833654,S3-165014266,S3-824082592
S1-395813861	S2-955787381,S3-314401223,S3-910837943
S1-395950954	S2-760666511,S2-83641523,S2-879242956,S3-277339111
S1-396759763	
S1-397900824	S2-248246596,S2-664817165,S2-838287853,S3-233880968,S3-574804778
S1-398084502	S2-232703130
S1-400092918	S2-157443428,S2-318938635,S2-86274597,S3-190295932
S1-40045119	S2-567173566,S2-812864732,S3-259374125,S3-866269092,S3-987704465
S1-401074421	S3-303073926,S3-597319704,S3-881527814
S1-401372098	S2-205646360,S2-58252265,S2-687064785
S1-401761505	S2-415623223,S2-422370961,S3-108345521,S3-167233960,S3-17464132
S1-401836525	S2-831595133,S2-84255879,S3-230254674,S3-230359993
S1-402046621	
S1-402994011	S2-603515395,S3-404746320
S1-403028834	S2-702709324,S2-92039499,S3-623756334,S3-714289919
S1-404435514	S2-868566332,S2-89198096
S1-405795474	S2-220284155,S2-26964797,S3-954945337
S1-407730822	S2-83018575,S3-647020443
S1-40830766	
S1-408835967	S2-465211496,S2-671531215,S2-686036612,S3-654272727,S3-690829356
S1-409256428	S2-639703058,S2-711688682,S2-942427657,S3-503380310
S1-409451774	S2-439674692,S2-807412942,S3-266353951
S1-410040347	S2-286301971,S2-641487662
S1-410228098	
S1-410701476	S2-659686073,S2-95757467,S3-374691234,S3-431811579,S3-828203053,S3-912785417
S1-415042128	S2-30568957,S2-468141629,S2-746642269,S2-99702602,S3-368174841
S1-416469670	S2-94707600,S3-257907464,S3-400743951
S1-417074218	S2-776251876,S3-171555434,S3-387274034,S3-804702164
S1-417264639	S2-220941764,S3-356439076,S3-629415035
S1-417526535	S2-566526014,S3-498182561,S3-888501071
S1-418896338	S2-272528085,S2-392665278,S3-144430315,S3-793295745
S1-419129929	S2-380224939,S3-717640722,S3-801452060
S1-419235241	S2-331102815
S1-419243203	S2-909530068,S3-310867408
S1-419304665	S2-622490934,S2-717447003,S2-866506346,S3-474166180
S1-419483044	S2-497881051,S2-708439842,S2-828973635,S2-834046092,S3-120588781,S3-861998724
S1-420226248	S2-215176902,S2-761652097,S3-342972447
S1-420936510	S2-588931168,S2-836433740,S3-121800329,S3-224485614
S1-422926253	S2-906882157,S2-908239181,S3-182229658,S3-763088443
S1-424529930	S2-856639211,S3-513647452,S3-749460022
S1-42596820	S3-810444824,S3-878149194
S1-429112441	S3-378169475,S3-752109680
S1-429137290	S3-2441213,S3-662198606,S3-872902935
S1-430604402	S2-163836660,S3-517568875
S1-430842276	S2-12491126,S2-464096602,S2-687126955,S2-965662594,S3-328125720,S3-43366455,S3-6292089,S3-938277822
S1-432139268	S2-212736826,S2-537603715,S3-220930146,S3-597996459
S1-432962984	S2-373098884,S2-677326475,S3-162356362,S3-203836880
S1-435587816	S2-600565084,S2-647226257,S3-295724377,S3-361957744,S3-486498115
S1-435735212	S2-351674207,S3-579829121,S3-604248603
S1-436247714	
S1-436307824	S2-343854221,S2-903016316,S3-871943803
S1-436985273	S2-488930867,S3-150259143
S1-437422427	
S1-440023753	S2-708615457,S2-990330432,S3-226050299,S3-53438457,S3-970385735
S1-441322	S2-837859271,S2-83871311,S3-584700852,S3-776036770
S1-441593499	S2-141709094,S2-332745575,S2-762015452,S3-148112664,S3-454688069
S1-444149322	S2-601237515,S3-349623491,S3-633921162,S3-895241728
S1-445131173	S2-230271066,S2-45348116,S2-750127379,S3-100537967,S3-647073921,S3-788878008,S3-904135465
S1-445455950	S2-777947702,S2-99832127
S1-446787657	S3-109767703,S3-644702510
S1-447103941	S2-135517972,S2-533462314,S3-285137525,S3-352754009,S3-555505573,S3-556786353
S1-447452795	S2-995233298,S3-366674728
S1-448166395	S2-388220290,S3-111294485,S3-718780514,S3-886088195
S1-448345019	S2-670549181,S3-245412518,S3-452820751,S3-462678740
S1-451077707	S2-234537987,S3-12361934,S3-360869121,S3-92853611
S1-451892808	
S1-452308590	S2-915075425,S3-36882355,S3-410689366,S3-840115393
S1-452691275	S2-320133796,S3-689878821
S1-453223583	S2-447512236,S2-859167627,S3-123982953,S3-948308596
S1-454111437	S2-171575965,S2-617784610,S2-659407377,S2-790403370
S1-455885431	S2-336011155,S2-906513579,S3-609790585
S1-456715439	S2-609276352,S3-325897166,S3-594948204
S1-457615425	S2-487358904,S2-681856261,S2-711939546,S2-926575050,S3-116980960,S3-285082353,S3-400652925,S3-559056940
S1-457935815	S2-410331822,S2-921287816,S3-478670612
S1-459696014	S2-148869978,S2-629751128,S2-724357562,S3-811227952
S1-460033462	S2-985336551,S3-280691790,S3-68319127
S1-460133008	S2-128135747,S2-211840924,S2-266205399,S2-76548146,S3-179132258
S1-460136045	S2-718987615,S2-983138087,S3-24612219,S3-420941419,S3-979319828
S1-46049969	S2-828148973,S3-188570179,S3-76091146,S3-802550985
S1-460845609	S2-41787526,S2-442653554
S1-461369552	S2-442141686,S3-104622708,S3-466603394
S1-463548524	S2-22518136,S2-442263631,S2-694964916,S3-508470288,S3-694227547,S3-772586861
S1-464105135	S2-147990164,S2-682011165,S3-138537298
S1-464514986	S2-107295419,S3-377657564,S3-604135891
S1-464797359	S3-290906196
S1-465082733	S2-19911652,S2-798673469,S3-158991007,S3-70468933,S3-895083696
S1-465739288	S2-586371985,S3-431096672,S3-435599270
S1-46716098	S2-313914652,S2-989834083,S3-135087123,S3-214211825
S1-468339122	S3-513775433
S1-470699785	S2-592507040,S3-363342939
S1-470845482	S2-332967891,S2-448989652,S2-531413638,S2-789640770,S3-296656685,S3-487287067
S1-472232440	S2-344700160,S2-916177096,S2-995936729,S3-614462819
S1-473235417	S2-277526435,S3-147070616
S1-476022166	S2-444206904,S2-532550066,S3-128810427
S1-476385483	S2-333654899,S2-872504799,S3-194148197,S3-917359905
S1-477458226	S3-931784124
S1-478051664	S2-129079517,S2-402915793,S3-258757251
S1-479239049	S2-34280531,S2-433659051
S1-483140947	S2-305690929,S2-414820151,S2-847503139,S3-160719213,S3-216980958,S3-579481799,S3-835590110
S1-483281264	S2-135813138,S2-59557708,S2-639567176,S3-246582348,S3-992417216
S1-486510827	S2-611691432,S2-939995191,S3-87991948
S1-4869416	S3-271046912,S3-945057243
S1-487154804	S2-219821920,S3-509542937,S3-878827913,S3-921829800
S1-487652257	S2-191176296,S2-695864569,S3-26422336
S1-488506845	S2-891565967,S3-147695770,S3-912712047
S1-49032225	
S1-491232871	S2-325343485,S2-815856445,S3-616820111
S1-491925427	S2-206983600,S2-316603014,S2-51368211,S2-944510200,S3-927635993
S1-492467148	S2-946846997
S1-492793391	S2-894940539,S3-591595290
S1-493059116	S2-802677520,S3-310087219,S3-955189510
S1-493363382	S2-42425488,S2-919906404,S3-769168220,S3-943728
S1-495990882	S3-216512833,S3-939088560
S1-498738124	S2-146449836,S2-218846957,S2-603877664,S3-974705603
S1-499302167	S2-127669900,S2-148775637,S2-45522817,S3-112108004,S3-112888430,S3-469734598,S3-76582686,S3-909488329
S1-499566732	S2-79222030,S3-392428210
S1-500552277	S2-613760087,S3-523390882,S3-602004752,S3-628706426,S3-829483271,S3-91306272
S1-500841209	S3-480315753,S3-61034637
S1-500998121	S2-21055914,S2-79500755,S3-50449325
S1-501296085	S2-604608859,S3-328999650,S3-406930359
S1-502282153	S2-324791692,S3-791585112
S1-504059078	S2-576213995,S2-588477363,S3-197665109,S3-475719743,S3-539943866,S3-81915093
S1-504790211	S2-340882825,S2-384272292,S2-482219248,S2-830972710,S2-939343525,S3-582752221,S3-956253301
S1-505869859	S2-253039316,S3-882498611,S3-971950950
S1-50643392	S2-540963535,S3-962228452
S1-506720235	S2-135686430,S2-475436632,S2-567302294,S2-630144942,S2-976252177,S3-316797397,S3-69225334
S1-506810298	S2-269571963,S3-257917123,S3-801235437
S1-509283665	S2-632563050,S2-994731641,S3-203057118,S3-669183842,S3-860151047
S1-509332273	S2-759707242,S3-61083205,S3-704149097
S1-509571057	S2-622370392,S2-874755440,S3-424165347,S3-474470452,S3-753084901
S1-510772858	S2-479513439,S3-548890520
S1-51101506	S2-292920646,S2-301806680,S2-521313228,S3-232036507
S1-51122580	
S1-511561869	S2-207363000,S2-414560620,S3-195462157,S3-223470686,S3-526947744
S1-511863452	S2-258329272,S2-994571284,S3-495488937,S3-499842675,S3-7635605
S1-512080827	S2-37397311,S3-743745202,S3-925798450
S1-512288351	S2-123887941,S2-362326209,S2-855618677,S2-999266888,S3-535613934,S3-78633139
S1-512634625	S2-327384338,S2-607059727,S2-860706331,S3-458059349,S3-777624715
S1-513115995	S2-280138829,S3-936443358
S1-514155563	S2-556405995,S2-893936251,S3-229519117,S3-54908638,S3-663732554
S1-51525259	
S1-515624637	S2-101856140,S2-119081552,S2-203836566,S3-563301876,S3-61937508,S3-858865551
S1-51590630	S2-518150773,S2-724618521,S3-683088328,S3-978807641
S1-516705356	S2-977019242,S3-71934539,S3-825982663
S1-518394026	S2-151404433,S2-288129184
S1-520992658	S2-243949421,S3-420553367,S3-614368295
S1-521730978	S2-162413269,S2-189189542,S2-839601246,S3-881990192,S3-890888352
S1-522840559	S2-340115948,S2-749481925,S2-779790058,S3-172990447,S3-591927566,S3-696703583
S1-523354110	S2-307330564,S2-794890141,S2-820560826,S3-559900488
S1-524979710	
S1-525055772	S3-758283141,S3-889633408
S1-526349990	S3-408891606,S3-525806883
S1-527727380	S2-303500895,S2-59122190,S2-876358702,S3-746908655
S1-528999441	S2-408187589,S2-437244295,S3-375550721
S1-529148390	S2-803565,S3-103055941,S3-336669922,S3-695353747,S3-828700224
S1-531110798	S2-436068229,S2-529698396,S2-747781075,S2-753796137,S3-295532766
S1-532630246	
S1-533049965	S2-272433616,S2-48222670,S2-531706549,S3-342598553,S3-496765652,S3-775766417
S1-53323215	
S1-533701421	S2-434618903,S2-839964869,S3-521363983
S1-535605149	S2-751164711,S2-950867387,S3-426905497,S3-441844163
S1-536638885	S2-54080216,S2-694476384,S3-725022233,S3-775282796
S1-536948776	S2-376450162,S2-769315859,S3-315892953,S3-51327360,S3-783545761
S1-537478269	S2-671424679,S3-777428093
S1-538780979	S2-107481744,S2-221677927,S2-312410914,S3-124671784,S3-765220322,S3-940781415
S1-539197690	S2-184526378,S2-212272105,S2-443462047,S2-458208456,S2-871400892,S3-36991592,S3-506112215
S1-541962667	S2-493385551,S2-682089546,S2-683408529,S2-727464909
S1-542424915	S2-595379635,S3-850821964
S1-543127091	S2-185502700,S2-510953599,S3-13438597,S3-611941405,S3-680634368
S1-543144015	S2-284196531,S2-935810015,S2-946732153
S1-543291404	S2-369294405,S3-13029611,S3-908384870
S1-544301808	S2-152166163,S3-188100337
S1-545370440	S2-455810153,S2-551808572,S2-86495762,S3-105031946,S3-651579676
S1-545582895	
S1-545601093	S2-899758735,S3-764951392,S3-781450721
S1-547546143	S2-321723977,S2-571364052,S2-780831929,S3-368107528,S3-550084090,S3-694900421
S1-548116192	
S1-549011344	S3-415010649,S3-477134709,S3-945678784
S1-549086594	S2-808013831,S3-109749221,S3-168115344,S3-363696346
S1-551688195	S2-717382763,S2-960896533,S3-199855200
S1-552720726	S2-524158368,S3-471922467,S3-772001157
S1-55333937	
S1-554328643	S2-33871673,S2-630903155,S3-107376097
S1-554902174	S3-892949901
S1-555090350	S2-956444376,S3-282287413
S1-557464657	S2-729358614,S3-219424314,S3-406498606
S1-557511474	S2-616791612,S3-348187872,S3-355219874,S3-845398755,S3-882715524
S1-557783855	S2-347263861,S2-858086386
S1-557975484	S2-137076660,S2-708185898,S3-561496616
S1-558011533	S2-429797718,S2-662751805,S3-519290422,S3-719402044,S3-881679618
S1-558031216	S2-711496725,S3-472244709
S1-558634684	S2-536166686,S2-536420470,S2-623955087
S1-559551054	S2-755202703,S2-77895989,S3-506079036,S3-875423510
S1-561269090	S2-401728615,S2-620987180,S3-281593059,S3-776884845,S3-821336626
S1-562163221	S2-428407805,S2-452648277,S2-64319321,S2-770127416,S3-615928619
S1-562989120	S2-358084731,S2-619841405,S3-825790614
S1-564729135	S2-256254095,S2-327309238,S3-165493359,S3-209102076,S3-549899758,S3-912418512
S1-566012078	S2-311576151,S2-682737687,S3-473121222
S1-566183725	S2-558367710,S2-939439687,S3-273723612,S3-401413843
S1-566485202	S2-888495874,S3-116898417,S3-154724954,S3-232748232
S1-567349457	S2-209454655,S3-295513461,S3-565190357,S3-70405454
S1-568217118	S2-429355242,S2-470418302,S2-981492432,S3-409229792
S1-569100881	S3-179636980,S3-433648441,S3-815538600,S3-928204592
S1-56985694	S2-143788454,S2-849652682,S3-531690508,S3-532768370
S1-571115458	S2-988564642,S3-279912704
S1-571214733	S3-689177627,S3-870487302
S1-571376605	S2-587418575,S3-468014949
S1-572490154	S2-232572988,S2-239765393,S2-915804541,S2-989847647,S3-494335891,S3-798426451
S1-572730139	S2-339106673,S3-133121827
S1-574943722	S2-830367081,S3-180705832,S3-289966701,S3-675433997
S1-576153543	S2-149416100,S2-563703169,S3-29955784,S3-323987800
S1-576220090	S2-152865025,S2-750318376,S3-468014949
S1-576426786	S2-118715691,S2-744028128,S3-235869202,S3-50750970,S3-55462290,S3-612368913
S1-576857452	S2-282093815,S2-51849291,S2-589475646,S2-589736060,S3-534158896,S3-972657805
S1-577250550	S2-347263861,S2-44772905,S2-708131137,S3-302139016,S3-489697405
S1-578641214	S2-124089131,S2-824570205,S3-2208399,S3-594893321,S3-746522113,S3-92912454
S1-579617619	S2-58788523,S2-665542215,S2-673005604
S1-580205927	S2-504989860,S2-506586157,S2-62625370,S3-344169542,S3-798637030
S1-580254632	S2-514675016,S3-350330477,S3-934113203
S1-580966525	S2-687151539,S2-987384275,S3-173698306,S3-528192734,S3-751775609,S3-948190117
S1-580992307	S2-277764304,S2-567617772,S2-609372791,S3-178110428,S3-426660831,S3-62710162,S3-938870340
S1-581797355	S2-274005428,S2-851665324,S2-87828988,S2-983832712,S3-197893491
S1-582550646	S2-2906417,S3-513215204
S1-584177675	S2-111323134,S2-681333610,S2-714356581,S3-119134676,S3-287771079,S3-872676182
S1-584442364	S2-324017658,S2-443217275
S1-585692765	S2-546666955,S2-761789396,S3-795764724
S1-587645790	S2-38237599,S2-508892039,S2-974162610,S3-342417445,S3-704943187,S3-911918618
S1-589253257	S2-171132293,S2-204417052,S2-231096085,S2-387439988,S2-860071735,S3-514016427
S1-589521969	S2-630237012,S2-989630175
S1-590082446	S2-410696375,S2-623734576,S3-949636981
S1-590134263	S2-592174269,S2-829268163,S3-114835331,S3-855516191
S1-590285242	S2-873652487,S3-573566051
S1-59409377	S2-664205347,S2-674327533
S1-594141325	S2-705279315,S3-117720239
S1-596007326	S2-207940221,S2-347285845,S2-947816102,S3-382370282,S3-556211337
S1-596450212	S2-96970795,S3-991003018
S1-597762257	S2-152865025,S2-44772905,S2-535895394,S2-567617772,S2-608011749,S2-750318376,S3-3248296,S3-426660831
S1-599703679	S2-456984188,S2-493073458,S2-615230476,S3-454365443
S1-600462984	
S1-601945198	S2-82157046,S3-781937274
S1-602775749	S2-161271237,S2-872504799,S3-174000230,S3-630600412
S1-602913883	S2-837366545,S2-880137000,S3-664599872,S3-956365580
S1-603442937	S2-133657619,S2-285957614
S1-60629534	S2-116431394,S3-553788808
S1-606480359	S2-11895238,S2-527210577,S2-541115908,S2-553306217,S3-23000002
S1-606725408	S2-317949621,S2-717573159,S3-578712267,S3-741068886
S1-607311453	S2-131117201
S1-607646145	S2-314981779,S2-538148158,S2-861230026,S3-209190763,S3-974855692
S1-609323033	S2-751582033,S3-311656040
S1-60980827	S2-167820016,S2-553077983,S2-719386833,S3-314408388
S1-610266870	S2-541052850,S2-793445903,S2-912327667,S3-98319410
S1-612138552	S2-385576773,S2-644003281,S3-90097648
S1-612217752	S2-554245491,S3-944912160
S1-613244295	S2-34903090,S2-937577903,S3-102737608,S3-505037573
S1-613445780	S2-68911031,S2-849012871,S3-215009222,S3-272611359,S3-90521296
S1-613598143	S2-121542712,S2-467289585,S2-495419923,S2-742518143,S2-980172703,S3-150094514
S1-615455408	S2-193907557,S2-351928254,S2-41001596,S2-579204842,S3-156495960,S3-698451052
S1-615534064	S3-322865636
S1-615738219	S2-152865025,S2-371140968,S2-44772905,S2-717573159,S2-736811334,S2-750318376,S3-426660831,S3-489697405,S3-629355792,S3-6559536
S1-616272752	S2-22989764,S2-362913004,S3-62208770
S1-616628716	S2-400167267,S2-678544812,S2-690048906,S2-697212356,S3-655455621
S1-616755144	S2-638279881,S3-608438229
S1-617270478	S2-758463856,S3-140446904,S3-257863465
S1-617455147	S2-639267012,S3-630897051
S1-619068107	S2-293887040
S1-619895264	S2-881710292,S3-673953617,S3-831781219,S3-975056122
S1-620608935	S2-207620500,S2-580542119,S2-830502695,S3-659203996
S1-621386822	S2-247294505,S2-558590345,S2-792501876,S3-354522799,S3-647419392
S1-622231151	
S1-622515318	S2-594570108,S3-310239123
S1-622557613	S2-187526768,S2-628909296,S2-904082339,S3-163454489,S3-344508848,S3-618802292,S3-635948631
S1-623261026	S2-477672690,S2-987930016,S3-694852291
S1-6232617	S2-350187169,S2-555976504,S3-137127422,S3-233773599,S3-806345133
S1-623350674	S2-412909971
S1-624045976	S2-236298058,S2-248831968,S2-598799903,S3-331534349
S1-624514617	S2-98658845,S3-158328543
S1-626914593	S2-563003232,S3-594660686
S1-627144525	
S1-627443733	S2-8382105,S2-876182064,S2-886223886,S3-709518255
S1-629417405	S2-522538408,S2-928426462,S3-438606634,S3-606982601,S3-613837325,S3-786131946,S3-962449159
S1-629969170	S2-334772260,S3-691669074
S1-630223771	S2-494260820,S3-587424087,S3-697578371,S3-815538600
S1-631031485	S2-193418122,S2-673783504,S3-234207725,S3-830765926
S1-631165181	S2-235024825,S2-396816294,S2-464927504,S3-113123769,S3-790051539,S3-835344177
S1-63162461	S2-451314378,S3-270643414,S3-629489969,S3-905294448
S1-631840437	S2-457837268,S2-475034762,S2-816744528,S3-664554414
S1-632136965	S2-509179590,S3-322699324,S3-745438343,S3-816085290
S1-63266922	S2-669009722,S2-702144243,S2-904653523,S3-235916674,S3-528435002
S1-633779655	S2-24729487,S2-334509084
S1-635349757	
S1-635491453	S2-253643954,S2-721953959,S2-80171195,S2-896610416,S3-519535235,S3-881939056
S1-636549603	S2-111347047,S2-658862971,S2-710665123,S3-689111779
S1-637465929	S2-706627530,S3-509247589
S1-638110492	S2-771208927,S3-4332992
S1-638466806	S2-112143325,S2-671312480,S3-603963007,S3-831002390,S3-913224787,S3-944048747
S1-638785454	S2-158017427,S2-191594349,S2-738768355,S2-760648097,S3-410491796,S3-620106601
S1-639012333	
S1-639096068	S2-334697769,S2-435057007,S2-837803619,S3-134346326,S3-150643293,S3-515416988,S3-702803465
S1-63975497	S2-443163148,S3-108066636,S3-173550844,S3-272084888
S1-640578446	S2-305629252,S2-648758936,S2-954210588,S3-714793935,S3-9907709
S1-64140802	S3-791924427
S1-644411036	S2-642960929,S2-675029411,S3-49096170,S3-571695614,S3-748008326
S1-645713459	S2-506386900,S2-573195841,S3-257026564,S3-342278559,S3-960838663
S1-647059934	S2-149126391,S2-644458310,S3-144481277
S1-648894561	S2-443506042,S2-460176788,S3-792976560,S3-809239143,S3-829470335
S1-650106134	S2-237185145,S2-264030809,S3-27113596,S3-277596725,S3-305499278,S3-394392125
S1-651095976	S2-962975572,S3-289302549,S3-376912282
S1-652331096	S2-152006595,S2-57232621,S2-844451178,S3-280025695,S3-470716283
S1-652651286	S2-49863745,S2-506092154,S2-544013831,S2-759093679,S3-375212697,S3-607679243,S3-668878337
S1-654697159	S2-693894963,S2-741247894,S2-750808389,S3-734974546
S1-657025372	S2-376438059,S2-442114921,S2-744647893,S3-175982003,S3-489362331,S3-851016597,S3-964679244
S1-657654513	S2-22176152,S2-815807626,S3-711484041
S1-66101502	S2-61752601,S2-902455157,S3-900196778
S1-661315962	S2-906228400,S3-173691513,S3-558516991,S3-565216958
S1-663284662	S2-351119381,S2-578505180,S3-203875542,S3-900647479
S1-664267481	S2-62672656,S3-313438593,S3-787923321
S1-665355186	S2-243733605,S2-275573747,S2-413606509,S3-202461511
S1-666435696	S2-412678653,S2-535872942,S3-211915957,S3-427834989,S3-488091856,S3-574918654
S1-666876590	S2-185860935,S2-409273,S2-975207252,S3-20969768,S3-847656632
S1-667406578	S2-136825099,S2-701117831,S2-797667917,S2-865922287,S2-994508483,S3-591767607,S3-665903999,S3-770012413
S1-669754446	S2-681333610,S2-695643425,S2-714356581,S3-287771079,S3-650018922,S3-91317570
S1-670025586	S2-610555118,S3-154922964,S3-346306473,S3-843645535,S3-999029005
S1-671129885	S2-811349806
S1-671445253	S2-510085826,S3-688320545,S3-806509432
S1-674558177	S2-22383296,S2-468055992,S2-470692802,S2-999278140,S3-585572704
S1-675959550	S2-500354211,S2-84417274,S3-112098039
S1-67628861	S2-66299456,S3-255215350,S3-915128069,S3-920316850
S1-676648395	S2-873160450,S3-499871951
S1-677741106	S2-460418351,S2-474342658,S2-658878695,S2-745716915,S3-20445132,S3-604405347,S3-841231723
S1-67904101	
S1-679782609	S2-844278428,S3-455825701
S1-680585243	S2-100236155,S2-459352827,S2-816665687,S3-159422096,S3-271426328
S1-681392030	S2-501358496,S3-340243016,S3-476447318,S3-51004437
S1-68201540	S2-289059559,S3-454778716,S3-509801092
S1-684012770	S2-724887083,S3-319677962,S3-738448811
S1-684505968	S2-965363180,S3-300894176,S3-769854633
S1-68456921	S3-739042432,S3-876706788
S1-684624531	S2-553665270,S2-613710201
S1-684656443	S2-804463632,S2-815000108,S3-611972573
S1-684878299	S2-574542032,S2-601570083,S2-886563135,S3-854841789
S1-685073108	S2-220631788,S3-61754636
S1-690449852	S2-159042866,S2-36302872,S2-407982736,S2-80777748,S3-111216884
S1-690538628	S2-419717885,S2-937863474,S3-43480099,S3-64108781
S1-690898835	S2-61006679,S2-891899322,S3-507345922,S3-797023754,S3-893743745
S1-691021205	S2-18307499,S2-701117831,S2-865922287,S2-994508483,S3-591767607,S3-665903999,S3-770012413
S1-691555791	S3-516115986
S1-692096873	S2-397660740,S2-92420273,S3-234079848,S3-383146873,S3-807637690
S1-694085192	S2-382062434,S2-820989203,S3-433741264,S3-450544623,S3-593835520
S1-694979060	S2-627638201,S2-74791648,S3-43468098,S3-740102238,S3-89039122
S1-695737678	S2-535872942,S3-880530172
S1-696598587	S2-683415723,S3-598209346,S3-678085587
S1-698189395	S3-214332307,S3-2730763,S3-571113917
S1-698954473	S2-493824556,S2-604643914,S2-75728777,S3-386756595
S1-699955992	S2-619457951,S2-948092933,S3-105658018,S3-130546119,S3-69993000,S3-797447667
S1-700600281	S2-256749526,S2-527617444,S2-830786345,S3-133938298,S3-562636082
S1-700882543	S2-461366289,S3-57815024
S1-701741704	S2-372427590,S2-629353884,S2-755382991,S2-75964879,S3-224441801
S1-703200453	S2-144163137,S3-485763252
S1-703428973	S2-415829669,S2-695748883,S3-235026885,S3-348342276,S3-485139623,S3-655509611
S1-705961596	S2-647049143,S3-53750375,S3-762367919
S1-706514314	S2-182563931,S2-810456203,S3-542401521,S3-801963382
S1-706856946	S2-11488572,S3-372592651,S3-408285714,S3-48972403,S3-911606801
S1-708417088	S2-283750427,S3-128551007
S1-708796012	S2-440628035,S2-994438467,S3-335174066,S3-338279058,S3-703951662,S3-974934575
S1-710147242	S2-597472199,S2-840878306,S3-372705250
S1-710909094	S2-563752471,S3-284710647,S3-57569233
S1-711682948	S2-264493768,S2-988333437,S3-226996687,S3-637373544,S3-834342742
S1-71172417	S2-607514252,S2-694964916,S2-808148942,S3-806740086
S1-713966229	
S1-714672596	
S1-716346194	S2-382041291,S2-406412466
S1-716442915	S2-254363941,S2-998330328,S3-355978425,S3-713259746
S1-716574008	S2-149909235,S2-233999366,S2-777687839,S3-678385750,S3-738802926
S1-71714945	S2-105654906,S2-803482289,S3-893472770,S3-938264113
S1-718976444	S2-746094731,S3-375212697,S3-449207960
S1-719919136	S2-680886210,S3-882766547
S1-720173062	S2-332450198,S3-248547790,S3-636421161
S1-720468760	S2-495098095,S2-703072292,S3-464975135
S1-722883348	S2-243935418,S3-887459766
S1-72369296	S2-656349798,S2-856062933,S3-269306445,S3-505060124
S1-724291976	S2-757383795,S3-392763259,S3-618181395,S3-784538650
S1-724315493	S2-326565486,S2-92058922,S3-695129555,S3-87221440,S3-928249286
S1-725482440	S2-447747530,S2-656918430,S2-897894809,S3-875456940
S1-72918323	S2-12325608,S3-179297324,S3-833264802,S3-860437856
S1-730279779	S2-17493758,S2-579517810,S2-889280012,S3-857742817
S1-730858380	S2-19911652,S2-458053768,S3-939820862
S1-731133418	S2-984425137,S3-644333947
S1-734453985	S2-522999512
S1-735268637	S2-373242841,S2-591750885
S1-735283511	
S1-737635669	S2-471295552,S2-596317832,S2-766796658,S3-197753037,S3-465835526,S3-480268996,S3-662788874,S3-857979338
S1-737977090	S2-202370609,S3-811761781,S3-951146800
S1-739195544	S2-317737115,S2-97351951,S3-160284335
S1-740254254	S2-263513530,S2-285568761,S2-290998875,S2-482679078,S2-855309230
S1-743171772	S2-166364524,S2-550708294,S2-556427757,S2-914083138
S1-743936349	S2-121399524,S2-394682076,S2-576715951,S2-961937751,S3-124991785,S3-17193436,S3-541208023
S1-744424482	S2-661071850,S3-127543142,S3-773004776
S1-745218864	S2-939619302,S3-442108469,S3-922248605
S1-745976550	S2-133247299,S2-749740915
S1-746273151	
S1-748243940	S2-302608076,S3-749582950,S3-817734159
S1-748364403	S2-166464835,S3-355553997,S3-773858535,S3-940222258,S3-949424666
S1-748540962	S2-851919581,S3-882407691,S3-9152030
S1-749000475	S2-890246335
S1-74901450	S2-291355621,S2-294278231,S2-684580276,S2-871137109,S3-454466503
S1-75134768	S2-170486292,S2-623236074,S3-146641895
S1-751608780	S2-365246518,S2-626885803,S2-628981570,S2-774810021,S2-936453119,S3-408862092
S1-753180274	S2-122241825,S3-434505955
S1-754175313	S2-174917371,S3-412701641,S3-992076561
S1-755362802	S2-587230276,S3-440254853
S1-756304715	S2-527679139,S2-786628048,S3-123207010,S3-162728080,S3-436972106,S3-452336654,S3-919158992
S1-757082720	S2-343259555,S3-523780726,S3-625204142
S1-758075760	S2-101554094,S2-198954890,S2-405650843,S2-65752861,S3-449179044,S3-834503672,S3-957484857,S3-966904443
S1-75862106	S3-597288176,S3-867976920,S3-970865082
S1-760380153	S2-1991568,S2-87789036,S3-17610758
S1-761585587	S2-509160915,S2-586234138,S2-801229590,S3-279160745,S3-331084086,S3-72688650
S1-761874846	S2-719023480,S2-926079239,S3-3574904,S3-527332992
S1-761888543	S2-777211775,S2-902127740,S2-982850995,S3-168539258,S3-900647479
S1-761930510	S2-244953646,S2-58788523,S2-673005604,S3-470880535
S1-762958682	S2-757444499,S3-331237377,S3-668404792
S1-763496609	S2-346684703,S2-868047179,S3-319770057,S3-510672652,S3-97879507
S1-763611874	S2-161982309,S2-267192043,S2-521658805,S2-79082972,S3-297584058,S3-498230328
S1-763758768	S2-263624666,S2-977360531,S3-255981294,S3-698828428
S1-764937251	S2-867209877,S3-693617701
S1-765456522	S2-839415804,S3-114086453,S3-256743745
S1-765734254	S2-156753828,S3-179968484,S3-392778993,S3-799567902
S1-767371184	S2-134604219,S2-310116264,S2-755477526,S3-573306616,S3-664274940,S3-723408687
S1-769172378	S2-713014713,S2-754328130,S2-977119232
S1-770963722	S2-436677386,S2-471187026,S3-361547720,S3-58879532
S1-772189406	S2-702365338,S3-357418127,S3-622416701,S3-946359174
S1-773320212	S2-98574359,S3-470144090
S1-773889195	S2-374107005,S2-970528089,S3-161452820,S3-189140669,S3-202893869,S3-622232873
S1-774836812	S2-247393277,S2-279885139,S3-312382203,S3-607767842,S3-679420587
S1-778456014	S2-337228324,S2-441962131,S2-740380664,S3-315273814
S1-779180246	S3-390998214
S1-780502827	S2-868038729,S3-408625130,S3-844849007
S1-780893579	S3-174521142,S3-676674812
S1-78166516	S2-64547334,S2-72589029
S1-783021266	S2-474696089,S2-784556099,S3-510421905,S3-530494268,S3-837055216
S1-78424718	S2-301061376,S2-983545629,S3-47905633
S1-785847572	S2-682432196,S3-145991649,S3-943437724,S3-948163592
S1-787617931	S2-598018848,S2-863761700,S3-217603089
S1-790771894	S2-368928087,S2-392820350,S3-291773026
S1-790887991	S2-332289329,S3-120467533,S3-800901355,S3-806830827,S3-931397252
S1-791217329	S2-610359841,S2-758463856
S1-791484925	S2-987121191
S1-791867209	S3-698772725,S3-805705209
S1-791947968	S3-466110031,S3-724965051,S3-796368836
S1-792880767	S2-62881940,S2-674757555,S2-950206736,S3-57868816,S3-902893136
S1-793019850	S2-565838685,S2-648181598,S3-845812985
S1-795245610	S2-880983642,S3-561975575,S3-655991969,S3-914482022
S1-796024407	S2-560403084,S3-162857762
S1-796183067	S2-345660864,S2-888830204,S3-70935025
S1-796227187	S2-356053713,S3-637901841,S3-941018876
S1-79772943	S2-520554845,S3-214703316,S3-706508309
S1-798970125	S2-253395504,S3-640319656
S1-800482427	S3-22228357,S3-321919925,S3-338689364,S3-355590735
S1-800915873	S2-12305520,S2-592882465,S2-877162430,S3-595714899,S3-972510185
S1-801306682	S2-432834212,S2-584471138,S3-813409299,S3-936653629
S1-802762694	S2-259257113,S2-679453895,S3-47560812,S3-862719467,S3-901849053
S1-803676246	S2-28172950,S2-373765134,S2-543917630,S3-754064578,S3-86403386
S1-803808238	S2-335742246,S2-516215794,S3-873744703,S3-938803714
S1-804171096	S2-358530411,S2-46416429,S2-722188035,S2-94415923,S3-475184196,S3-560390921
S1-804300777	S2-217729012,S3-291243842,S3-361448686,S3-65482005,S3-841228843
S1-804663373	S2-167155593,S2-271689113,S2-498698607
S1-805104360	S2-162274685,S2-162763662,S2-693238923,S2-75259798,S2-896654790,S3-549510792,S3-980581622
S1-805440050	S2-171316005,S2-933545019,S3-24679695,S3-249936043,S3-342987981
S1-806365059	S2-652721057,S3-354786323,S3-91857662
S1-807555566	S3-160247433,S3-432772189,S3-524719988,S3-921080003
S1-8092452	S2-404025676,S3-183988476
S1-80960427	S2-101421615,S2-114199102,S3-253136287,S3-318861232,S3-523112140
S1-812486340	S2-335184296,S2-44772905
S1-812886866	S2-961213841,S3-970079239
S1-814475089	S2-238559336,S2-366448075,S2-72193173,S3-107435140,S3-388645736,S3-720955181,S3-814489031
S1-817802155	S2-390634222,S2-681072683,S3-566171310
S1-81981566	S2-186013921,S3-107004856,S3-545775424,S3-566604481,S3-744892771
S1-820196196	S2-56634126,S3-202003237,S3-512010478,S3-895972861
S1-820394674	S2-431222152,S2-534884187,S3-443505567,S3-71026553,S3-817289043
S1-82053739	S3-250737963,S3-618834296
S1-820935401	S2-200378294,S2-362611633,S2-458884710,S2-890315797,S3-723520276
S1-823066174	S2-574433386,S3-818620045,S3-827310780,S3-896383030,S3-949799299
S1-823731657	S2-119360751,S2-199585550,S2-334376515,S2-679692635,S3-112268045,S3-213484521,S3-724585046,S3-989359124
S1-827102573	S2-538642629,S2-69779611,S3-348052580
S1-828917180	S2-374096933,S2-67200280,S3-652476965,S3-667380767,S3-801453291
S1-829163315	S3-426207298
S1-831133424	S2-848041579,S3-41436056,S3-464115887,S3-543748845,S3-740545025,S3-900115083,S3-910352974
S1-831843558	S2-681892599,S3-234100494,S3-932279798
S1-832211747	S2-117631645,S2-248395912,S2-516688341,S2-872587275,S2-923493046
S1-832593986	S3-461693223
S1-835425265	S2-224023107,S2-493112937,S2-825851111,S3-830853417,S3-847076297,S3-9987388
S1-836203525	S2-704413668,S3-163446442,S3-289252379,S3-670603327,S3-938277822
S1-837908386	S2-178477919,S2-595535519,S3-19216036,S3-228282490,S3-830327797
S1-839067903	S2-392112864,S3-514313335,S3-514997262,S3-809237962,S3-873143853,S3-926186789
S1-840279529	S2-310438906,S2-740597157,S3-37907580,S3-906375248
S1-840622396	S3-463165437
S1-842497118	S2-324185926,S3-829576525,S3-894080260
S1-842881175	S2-523911840,S2-930891307,S3-659989303
S1-844896591	S2-362218588,S3-11966366
S1-846028981	S3-473512786,S3-556955938,S3-57600493,S3-78080276
S1-846529766	S2-133143908,S2-786348574,S3-959205448
S1-846542666	S2-805695464,S2-896746887,S2-93290803,S3-229111159,S3-503257684,S3-682021652
S1-848219519	S3-832705877,S3-90847949
S1-848777360	S2-824599437,S3-877940212
S1-851799346	S2-589971753,S3-874215876
S1-851869949	S2-801813753,S2-915265864,S2-961342067,S3-807524060,S3-949828938
S1-853669737	S2-509546576
S1-854319024	S2-200979513,S2-598981170,S3-167406655,S3-966218400
S1-85500745	S2-969930748,S3-921649108
S1-855787505	S3-143461326
S1-857022301	S2-253759714,S2-495512988,S2-644360749,S3-285329878,S3-44169589,S3-902614651
S1-859252896	S2-284342366,S2-411261374,S3-373092726
S1-86094936	S2-28682309,S2-750389241,S3-505894931
S1-861378966	S2-335184296,S2-44772905,S2-641684012,S2-807946043,S2-897233130,S3-10055341,S3-276627030,S3-360838758,S3-61014775,S3-623491608
S1-862092661	
S1-862093695	S2-317721189
S1-862338675	S2-177685541,S3-460733328,S3-489874367
S1-862715502	S2-511304622,S3-470833695,S3-911334411
S1-865131206	S2-657355663,S3-219374335,S3-567734078,S3-652513823
S1-866369736	S2-436908248,S2-534202335,S2-580478902,S3-673961941
S1-867129763	S3-531833956
S1-86804153	S2-403191215,S2-544802052,S2-844614219,S2-941915019,S3-90236076
S1-868064087	S2-245059100,S2-512704372,S2-783299750,S2-848113409,S3-613605522,S3-65586630
S1-868335410	S2-417765879,S3-486341594,S3-61859560
S1-870254921	S2-763535749,S2-769703757,S3-676115758,S3-840435139
S1-870525516	S2-184697145,S2-463660592,S3-632595791,S3-85523183
S1-872627167	S2-160277671,S2-492149082,S2-517957119,S3-320445774,S3-748462601
S1-873852360	S2-174317508,S2-655121577,S2-959024229,S3-373907238,S3-694712705
S1-874413333	S2-796218363,S2-985452730,S2-991178073,S3-333517509,S3-742932003,S3-892522959
S1-876256279	S2-480801123,S3-645487889
S1-877733833	S2-434664896,S2-503535178,S2-974050437,S2-9766148,S3-151163076,S3-425211270
S1-878904744	S2-813691423,S3-198857086
S1-881005414	S2-393848629,S2-522626256,S3-333458194,S3-818758046,S3-892133820
S1-8813651	S2-794077082,S3-491490554,S3-499691865,S3-585334001,S3-965237238
S1-881535873	S2-642463929,S3-235111026,S3-724794232,S3-820808792
S1-881770296	S2-788437790,S2-805782580,S3-828639935,S3-989612942
S1-883468618	S2-587576840,S2-922415720,S3-149911356,S3-322548379,S3-342293148
S1-883829621	S2-50778208,S2-934657695,S3-516177694,S3-691381884,S3-708888654
S1-883973644	S2-346262429
S1-885630742	S2-232792319,S2-374609449,S2-568974039,S2-573656895,S2-949764427,S3-64149932
S1-886802071	S2-495651348,S3-374837544
S1-887285254	S2-357039906,S2-598675316,S2-744775147,S3-153601743,S3-36409185,S3-827334365
S1-888167789	S2-630422469,S3-142287157,S3-191907410,S3-35760800,S3-73898561
S1-888660595	S2-268350287,S3-305137974,S3-783479770
S1-88905792	S2-331575983,S2-557990591,S3-664530964,S3-927833760
S1-889448973	S2-434788498,S3-490810989,S3-773054197
S1-889584874	S2-738839367,S2-994448288,S3-405213450,S3-704811052
S1-89093509	S2-778006451,S3-3598545
S1-895771779	S2-452017697,S3-259890783,S3-55241134
S1-896836973	S2-494098461,S2-650996664,S3-110953474,S3-324561668
S1-897226407	S2-608011749,S2-953740674,S3-568003253
S1-899782554	S3-562512025
S1-90032658	S2-106634547,S2-816832057,S2-886047280,S2-943944964,S3-749559488
S1-90128015	S2-232725993,S2-590587160,S2-682521929,S3-291341707,S3-989736227
S1-904228116	S2-844183646,S3-295583017,S3-52281916,S3-820751238
S1-904479856	S2-282702620,S2-734625882,S2-990269864,S3-458171230
S1-906079981	S2-221175434,S2-858086386,S3-489697405,S3-745426542
S1-906281937	S2-175536134,S2-232038324,S3-220915931,S3-408789370,S3-51258129,S3-810053263
S1-906572599	S2-141744998,S2-665974142,S2-791262854,S3-32436043
S1-906686327	S2-320756930,S2-335501512,S2-563044262,S2-67136261,S3-470846399
S1-907635568	S2-115742424,S2-50264131,S2-600961480,S3-444440266,S3-756417613
S1-908498505	S2-410769724,S2-530229277,S2-708510386,S2-93112731,S3-45103835
S1-909532705	S2-592311860,S2-976590125,S3-144658609,S3-316090976
S1-910150597	S2-118058131,S2-252539879,S2-74387620,S2-815184857,S3-872314779
S1-911365600	S2-744854096,S2-991889008,S3-5537952
S1-912273534	S2-353174162,S2-861590334,S2-875028305
S1-912508322	S2-276782865,S2-334957677,S2-974864172,S3-768166043,S3-894743995
S1-912947277	S2-144432013,S2-631589157,S3-159327306,S3-178991475,S3-290380069
S1-913042783	
S1-913301865	S2-448343421,S2-501080638,S2-871917871,S3-180684658,S3-835772436
S1-915022305	S2-355615365,S3-756557772,S3-857332206
S1-916773322	S2-437727674,S2-572277218,S3-254017158,S3-455464923
S1-919267939	S2-648753107,S2-892220211,S3-304491164,S3-368107528,S3-550084090,S3-96840724
S1-919867800	S2-727311767,S3-44973213,S3-466110031,S3-6154731
S1-920710760	S2-557992817,S2-818401138,S3-149496856
S1-922994065	S2-436384186,S3-628913782,S3-772978028
S1-924009686	S2-266747048,S3-227737439,S3-366237594,S3-871457701
S1-92502000	S2-145893170,S2-715239216,S3-411025338
S1-925057409	S2-864301372,S3-718758308
S1-925403791	S2-121794018,S2-39762537,S2-595572022,S3-117008455
S1-925443249	S2-116616361,S2-935239345,S3-657719376
S1-925783039	S2-157377754,S2-517291332,S3-698172821,S3-997698194
S1-926018314	S2-269390198,S2-744714545,S3-61713436,S3-840580350,S3-93258009
S1-926243009	S3-172270026,S3-363285059,S3-597108429,S3-940595721
S1-92690219	S2-521542857
S1-926958422	S2-480015962,S2-823676093,S3-478661923,S3-710318619
S1-92729851	S2-65120700,S3-149647877,S3-222366324,S3-806776548
S1-927651996	S2-476737109,S3-508899690,S3-701215575,S3-92887877
S1-92768400	
S1-928237806	S2-105966198,S3-143282123
S1-928870866	S2-205903179,S2-245207373,S2-260483158,S3-243177742,S3-286812969,S3-496602279,S3-50115861
S1-929809097	S2-22913879,S2-591735846,S2-753114601
S1-930984906	S2-676755185,S2-773109926,S3-118548157,S3-861801469,S3-866136332
S1-931180841	S2-579350712,S2-665771706,S3-596358958
S1-932539298	S2-122443790,S2-373243961,S2-780145988,S2-857467191,S3-738678935
S1-933356469	S2-530038004,S3-114742524
S1-935703127	S2-261786236,S2-351235736,S2-839058520,S3-695941880
S1-93806322	S2-688963050,S2-818946606,S2-875972736,S2-883521854,S3-473682994
S1-939880982	S2-126830779,S3-545503716,S3-96392597
S1-940115232	S2-492128678,S3-774677895,S3-823552499,S3-946614984
S1-942011133	S2-737712060,S3-458084180
S1-942087593	S2-147277691,S3-180438246,S3-522753465
S1-942221484	S2-575424170,S2-981271757,S3-686152183
S1-94297591	S2-104406063,S2-442481350,S3-122350928,S3-439143687,S3-470174573,S3-792334727,S3-815780246
S1-943874235	S2-313204609
S1-944430830	S2-857219094,S2-982990716,S3-122364418
S1-945115789	S2-647194298,S3-321120343,S3-355654423,S3-490246887,S3-709860333,S3-847639554
S1-945437722	S2-337628826,S3-570426744
S1-945468839	
S1-945650918	S2-157034689,S2-784386873,S3-218583634,S3-273466829,S3-478874831
S1-946744214	S2-351159688,S3-121425019,S3-155971367,S3-550084090
S1-947119891	S2-164888409,S2-710754694,S2-86974679,S3-128064048
S1-947166860	S2-935894318,S3-29876156,S3-925193523
S1-948336320	
S1-948624922	S2-217501023,S2-477410818,S2-898640738,S3-228903471,S3-423974088,S3-593936237,S3-666305802,S3-825781511
S1-950174003	S2-620560506,S3-154217304
S1-951104915	S3-684170461
S1-951599976	S2-227003925,S2-907629838
S1-951609532	S3-923036150
S1-951871591	S2-259547680,S2-838616809,S3-764399082
S1-95264755	S2-608402358
S1-952988982	S2-572082020,S3-414880865,S3-729037818
S1-953470089	S3-300254136,S3-430129367,S3-613209073
S1-954595905	S2-533572108,S3-130221188,S3-449406986,S3-642516522
S1-954886409	S2-854432854,S3-903616067
S1-956108284	S2-14912699,S2-447294620,S3-342618178
S1-956446110	S2-374380545,S3-365418937,S3-441710728
S1-958577120	S2-614945214,S2-658672541,S3-431823872,S3-502652881
S1-959189311	S2-151292966,S3-488144794,S3-871141451
S1-95925372	S2-188174914,S3-672754987,S3-764234530,S3-963721402
S1-960158214	S2-552343324,S3-414038428
S1-960355473	S2-443666785,S2-610636944,S3-558846856,S3-6697299,S3-763567873
S1-960756168	S2-121642428,S3-620228265
S1-96384915	S2-736299627,S3-193368378,S3-537319041,S3-62224210
S1-965040695	S2-487598817,S2-489911002,S3-371579132,S3-636680419,S3-788134357
S1-965549055	S2-147779226,S2-71831978,S3-47511318,S3-537422052
S1-965555167	
S1-966462381	S3-816720679,S3-910178682
S1-966940882	S2-258792033,S3-118933931,S3-324805369,S3-519584885,S3-65087387
S1-967153211	S2-920482764,S2-956355848,S3-517851393
S1-967500830	S3-748439687,S3-786079255
S1-970518712	S2-239226917,S2-680886210,S3-460357940,S3-849723066
S1-970972284	S2-579880840,S2-904010001,S3-807299919
S1-971115873	S2-257626404,S2-332024425,S2-52896949,S2-538042585,S3-157894297,S3-16615435,S3-882368365
S1-972836911	S3-604960623,S3-709132452
S1-973233920	S2-428307002,S3-110090880,S3-159133847,S3-792460305
S1-974716750	
S1-974991176	S2-459448482,S2-673040435,S3-225979015,S3-384867476,S3-766777210,S3-932406727
S1-975506716	S3-499697685,S3-648770448,S3-99737920
S1-97581850	S2-287401931,S3-256916098,S3-3248296,S3-447060680,S3-60652506
S1-976369483	S2-268873536,S2-546179661,S2-896291492,S2-984109039,S3-960615760
S1-977704542	S2-351212256,S2-361585645,S3-386715527
S1-977818366	S2-797339055,S3-183699098,S3-567060266,S3-621577244,S3-76243635,S3-817483118
S1-978421811	S2-346720876,S2-687120101,S2-798657992,S2-847503139,S3-453096432
S1-979042353	
S1-979509841	S2-525768036,S3-189267540,S3-563445250
S1-981414798	S2-254363941,S2-998330328,S3-381585143,S3-713259746
S1-981440385	S2-198083311,S2-374912494,S3-345144200
S1-98168281	S2-702845828,S3-434039953,S3-509096169
S1-981904067	S3-265456486,S3-380662124
S1-982210261	S2-240496833,S3-224149694,S3-224600177,S3-580369108,S3-724446420
S1-983652708	S2-265523806,S3-958817857
S1-985038901	S2-228558022,S2-895941180,S3-216786851,S3-612925439
S1-98579303	S2-485676726,S2-699210329,S3-690119410,S3-719484948
S1-986863583	S2-628332690,S3-483372737
S1-987152524	S2-22913879,S2-551207497,S2-816060014,S2-969387134,S3-379021026,S3-938294082
S1-987779515	S2-135655847,S2-153940374,S2-789172482,S3-306589361,S3-369353890,S3-377219949
S1-987994833	S2-758284577,S3-878747011
S1-988516196	S2-39357842,S2-604842009,S3-45345410,S3-799417795
S1-989125871	S3-540764595,S3-921982224
S1-989439466	S2-179687447,S2-320065734,S3-312396063,S3-904934213
S1-990319941	
S1-992003464	S2-113118763,S2-762264647,S3-611376569
S1-993357110	S2-174666741,S3-527865973
S1-993527714	S3-250788566,S3-623091575
S1-993604636	S2-252090268,S3-25159378,S3-87179745
S1-999555430	S2-611061328,S2-898640738,S3-1804865,S3-423974088,S3-856934462
